<?xml version="1.0" encoding="utf-8"?>
<!--/354672/1339075/2.50/16/0/Integrated Circuit/-->
<quadcept_library>
  <setting unit="mil" />
  <textstyle name="Default" height="47.244094488189" strokewidth="7.8740157480315" charwidth="47.244094488189" />
  <textstyle name="Dimension" height="19.6850393700787" strokewidth="0" charwidth="19.6850393700787" />
  <textstyle name="H127W0635TH00762" height="50" strokewidth="3" charwidth="25" />
  <textstyle name="H15W15TH02" height="59.0551181102362" strokewidth="7.8740157480315" charwidth="59.0551181102362" />
  <padstyle name="r198.12_55.88" surface="True" plated="False" isvia="False" nopaste="False" nomask="True" complex="False" holesize="0">
    <padshape layer="TOP" shape="rectangle" width="22" height="77.999999999999" />
    <padshape layer="TOP_SOLDER_MASK" shape="rectangle" width="29.874015748031" height="85.87401574803" />
    <padshape layer="TOP_SOLDER_PASTE" shape="rectangle" width="22" height="77.999999999999" />
  </padstyle>
  <footprint name="SOIC127P1032X265-16N" originx="0" originy="0" pickpointx="0" pickpointy="0">
    <pcbpin number="1" name="1" style="r198.12_55.88" originx="-185" originy="175" rotation="90" />
    <pcbpin number="2" name="2" style="r198.12_55.88" originx="-185" originy="125" rotation="90" />
    <pcbpin number="3" name="3" style="r198.12_55.88" originx="-185" originy="74.999999999999" rotation="90" />
    <pcbpin number="4" name="4" style="r198.12_55.88" originx="-185" originy="25" rotation="90" />
    <pcbpin number="5" name="5" style="r198.12_55.88" originx="-185" originy="-25" rotation="90" />
    <pcbpin number="6" name="6" style="r198.12_55.88" originx="-185" originy="-74.999999999999" rotation="90" />
    <pcbpin number="7" name="7" style="r198.12_55.88" originx="-185" originy="-125" rotation="90" />
    <pcbpin number="8" name="8" style="r198.12_55.88" originx="-185" originy="-175" rotation="90" />
    <pcbpin number="9" name="9" style="r198.12_55.88" originx="185" originy="-175" rotation="90" />
    <pcbpin number="10" name="10" style="r198.12_55.88" originx="185" originy="-125" rotation="90" />
    <pcbpin number="11" name="11" style="r198.12_55.88" originx="185" originy="-74.999999999999" rotation="90" />
    <pcbpin number="12" name="12" style="r198.12_55.88" originx="185" originy="-25" rotation="90" />
    <pcbpin number="13" name="13" style="r198.12_55.88" originx="185" originy="25" rotation="90" />
    <pcbpin number="14" name="14" style="r198.12_55.88" originx="185" originy="74.999999999999" rotation="90" />
    <pcbpin number="15" name="15" style="r198.12_55.88" originx="185" originy="125" rotation="90" />
    <pcbpin number="16" name="16" style="r198.12_55.88" originx="185" originy="175" rotation="90" />
    <line layer="TOP_ASSEMBLY" originx="-150" originy="165" endx="-150" endy="185" width="5.9999999999999" />
    <line layer="TOP_ASSEMBLY" originx="-150" originy="185" endx="-210" endy="185" width="5.9999999999999" />
    <line layer="TOP_ASSEMBLY" originx="-210" originy="185" endx="-210" endy="165" width="5.9999999999999" />
    <line layer="TOP_ASSEMBLY" originx="-210" originy="165" endx="-150" endy="165" width="5.9999999999999" />
    <line layer="TOP_ASSEMBLY" originx="-150" originy="115" endx="-150" endy="135" width="5.9999999999999" />
    <line layer="TOP_ASSEMBLY" originx="-150" originy="135" endx="-210" endy="135" width="5.9999999999999" />
    <line layer="TOP_ASSEMBLY" originx="-210" originy="135" endx="-210" endy="115" width="5.9999999999999" />
    <line layer="TOP_ASSEMBLY" originx="-210" originy="115" endx="-150" endy="115" width="5.9999999999999" />
    <line layer="TOP_ASSEMBLY" originx="-150" originy="64.999999999999" endx="-150" endy="84.999999999999" width="5.9999999999999" />
    <line layer="TOP_ASSEMBLY" originx="-150" originy="84.999999999999" endx="-210" endy="84.999999999999" width="5.9999999999999" />
    <line layer="TOP_ASSEMBLY" originx="-210" originy="84.999999999999" endx="-210" endy="64.999999999999" width="5.9999999999999" />
    <line layer="TOP_ASSEMBLY" originx="-210" originy="64.999999999999" endx="-150" endy="64.999999999999" width="5.9999999999999" />
    <line layer="TOP_ASSEMBLY" originx="-150" originy="15" endx="-150" endy="35" width="5.9999999999999" />
    <line layer="TOP_ASSEMBLY" originx="-150" originy="35" endx="-210" endy="35" width="5.9999999999999" />
    <line layer="TOP_ASSEMBLY" originx="-210" originy="35" endx="-210" endy="15" width="5.9999999999999" />
    <line layer="TOP_ASSEMBLY" originx="-210" originy="15" endx="-150" endy="15" width="5.9999999999999" />
    <line layer="TOP_ASSEMBLY" originx="-150" originy="-35" endx="-150" endy="-15" width="5.9999999999999" />
    <line layer="TOP_ASSEMBLY" originx="-150" originy="-15" endx="-210" endy="-15" width="5.9999999999999" />
    <line layer="TOP_ASSEMBLY" originx="-210" originy="-15" endx="-210" endy="-35" width="5.9999999999999" />
    <line layer="TOP_ASSEMBLY" originx="-210" originy="-35" endx="-150" endy="-35" width="5.9999999999999" />
    <line layer="TOP_ASSEMBLY" originx="-150" originy="-84.999999999999" endx="-150" endy="-64.999999999999" width="5.9999999999999" />
    <line layer="TOP_ASSEMBLY" originx="-150" originy="-64.999999999999" endx="-210" endy="-64.999999999999" width="5.9999999999999" />
    <line layer="TOP_ASSEMBLY" originx="-210" originy="-64.999999999999" endx="-210" endy="-84.999999999999" width="5.9999999999999" />
    <line layer="TOP_ASSEMBLY" originx="-210" originy="-84.999999999999" endx="-150" endy="-84.999999999999" width="5.9999999999999" />
    <line layer="TOP_ASSEMBLY" originx="-150" originy="-135" endx="-150" endy="-115" width="5.9999999999999" />
    <line layer="TOP_ASSEMBLY" originx="-150" originy="-115" endx="-210" endy="-115" width="5.9999999999999" />
    <line layer="TOP_ASSEMBLY" originx="-210" originy="-115" endx="-210" endy="-135" width="5.9999999999999" />
    <line layer="TOP_ASSEMBLY" originx="-210" originy="-135" endx="-150" endy="-135" width="5.9999999999999" />
    <line layer="TOP_ASSEMBLY" originx="-150" originy="-185" endx="-150" endy="-165" width="5.9999999999999" />
    <line layer="TOP_ASSEMBLY" originx="-150" originy="-165" endx="-210" endy="-165" width="5.9999999999999" />
    <line layer="TOP_ASSEMBLY" originx="-210" originy="-165" endx="-210" endy="-185" width="5.9999999999999" />
    <line layer="TOP_ASSEMBLY" originx="-210" originy="-185" endx="-150" endy="-185" width="5.9999999999999" />
    <line layer="TOP_ASSEMBLY" originx="150" originy="-165" endx="150" endy="-185" width="5.9999999999999" />
    <line layer="TOP_ASSEMBLY" originx="150" originy="-185" endx="210" endy="-185" width="5.9999999999999" />
    <line layer="TOP_ASSEMBLY" originx="210" originy="-185" endx="210" endy="-165" width="5.9999999999999" />
    <line layer="TOP_ASSEMBLY" originx="210" originy="-165" endx="150" endy="-165" width="5.9999999999999" />
    <line layer="TOP_ASSEMBLY" originx="150" originy="-115" endx="150" endy="-135" width="5.9999999999999" />
    <line layer="TOP_ASSEMBLY" originx="150" originy="-135" endx="210" endy="-135" width="5.9999999999999" />
    <line layer="TOP_ASSEMBLY" originx="210" originy="-135" endx="210" endy="-115" width="5.9999999999999" />
    <line layer="TOP_ASSEMBLY" originx="210" originy="-115" endx="150" endy="-115" width="5.9999999999999" />
    <line layer="TOP_ASSEMBLY" originx="150" originy="-64.999999999999" endx="150" endy="-84.999999999999" width="5.9999999999999" />
    <line layer="TOP_ASSEMBLY" originx="150" originy="-84.999999999999" endx="210" endy="-84.999999999999" width="5.9999999999999" />
    <line layer="TOP_ASSEMBLY" originx="210" originy="-84.999999999999" endx="210" endy="-64.999999999999" width="5.9999999999999" />
    <line layer="TOP_ASSEMBLY" originx="210" originy="-64.999999999999" endx="150" endy="-64.999999999999" width="5.9999999999999" />
    <line layer="TOP_ASSEMBLY" originx="150" originy="-15" endx="150" endy="-35" width="5.9999999999999" />
    <line layer="TOP_ASSEMBLY" originx="150" originy="-35" endx="210" endy="-35" width="5.9999999999999" />
    <line layer="TOP_ASSEMBLY" originx="210" originy="-35" endx="210" endy="-15" width="5.9999999999999" />
    <line layer="TOP_ASSEMBLY" originx="210" originy="-15" endx="150" endy="-15" width="5.9999999999999" />
    <line layer="TOP_ASSEMBLY" originx="150" originy="35" endx="150" endy="15" width="5.9999999999999" />
    <line layer="TOP_ASSEMBLY" originx="150" originy="15" endx="210" endy="15" width="5.9999999999999" />
    <line layer="TOP_ASSEMBLY" originx="210" originy="15" endx="210" endy="35" width="5.9999999999999" />
    <line layer="TOP_ASSEMBLY" originx="210" originy="35" endx="150" endy="35" width="5.9999999999999" />
    <line layer="TOP_ASSEMBLY" originx="150" originy="84.999999999999" endx="150" endy="64.999999999999" width="5.9999999999999" />
    <line layer="TOP_ASSEMBLY" originx="150" originy="64.999999999999" endx="210" endy="64.999999999999" width="5.9999999999999" />
    <line layer="TOP_ASSEMBLY" originx="210" originy="64.999999999999" endx="210" endy="84.999999999999" width="5.9999999999999" />
    <line layer="TOP_ASSEMBLY" originx="210" originy="84.999999999999" endx="150" endy="84.999999999999" width="5.9999999999999" />
    <line layer="TOP_ASSEMBLY" originx="150" originy="135" endx="150" endy="115" width="5.9999999999999" />
    <line layer="TOP_ASSEMBLY" originx="150" originy="115" endx="210" endy="115" width="5.9999999999999" />
    <line layer="TOP_ASSEMBLY" originx="210" originy="115" endx="210" endy="135" width="5.9999999999999" />
    <line layer="TOP_ASSEMBLY" originx="210" originy="135" endx="150" endy="135" width="5.9999999999999" />
    <line layer="TOP_ASSEMBLY" originx="150" originy="185" endx="150" endy="165" width="5.9999999999999" />
    <line layer="TOP_ASSEMBLY" originx="150" originy="165" endx="210" endy="165" width="5.9999999999999" />
    <line layer="TOP_ASSEMBLY" originx="210" originy="165" endx="210" endy="185" width="5.9999999999999" />
    <line layer="TOP_ASSEMBLY" originx="210" originy="185" endx="150" endy="185" width="5.9999999999999" />
    <line layer="TOP_ASSEMBLY" originx="-150" originy="-207" endx="150" endy="-207" width="5.9999999999999" />
    <line layer="TOP_ASSEMBLY" originx="150" originy="-207" endx="150" endy="207" width="5.9999999999999" />
    <line layer="TOP_ASSEMBLY" originx="150" originy="207" endx="12" endy="207" width="5.9999999999999" />
    <line layer="TOP_ASSEMBLY" originx="12" originy="207" endx="-12" endy="207" width="5.9999999999999" />
    <line layer="TOP_ASSEMBLY" originx="-12" originy="207" endx="-150" endy="207" width="5.9999999999999" />
    <line layer="TOP_ASSEMBLY" originx="-150" originy="207" endx="-150" endy="-207" width="5.9999999999999" />
    <line layer="TOP_SILKSCREEN" originx="150" originy="199" endx="150" endy="207" width="5.9999999999999" />
    <line layer="TOP_SILKSCREEN" originx="-150" originy="-199" endx="-150" endy="-207" width="5.9999999999999" />
    <line layer="TOP_SILKSCREEN" originx="-150" originy="-207" endx="150" endy="-207" width="5.9999999999999" />
    <line layer="TOP_SILKSCREEN" originx="150" originy="-207" endx="150" endy="-199" width="5.9999999999999" />
    <line layer="TOP_SILKSCREEN" originx="150" originy="207" endx="12" endy="207" width="5.9999999999999" />
    <line layer="TOP_SILKSCREEN" originx="12" originy="207" endx="-12" endy="207" width="5.9999999999999" />
    <line layer="TOP_SILKSCREEN" originx="-12" originy="207" endx="-150" endy="207" width="5.9999999999999" />
    <line layer="TOP_SILKSCREEN" originx="-150" originy="207" endx="-150" endy="199" width="5.9999999999999" />
  </footprint>
  <symbol name="ADM2687EBRIZ" originx="0" originy="0">
    <line originx="200" originy="100" endx="1200" endy="100" width="0" />
    <line originx="1200" originy="-800" endx="1200" endy="100" width="0" />
    <line originx="1200" originy="-800" endx="200" endy="-800" width="0" />
    <line originx="200" originy="100" endx="200" endy="-800" width="0" />
    <sympin number="1" originx="200" originy="0" rotation="180" length="100" width="7.8740157480315" flipped="False">
      <text name="pinname" originx="230" originy="0" style="Default" rotation="0" justify="left" flipped="False" hidden="False" data="GND1_2" />
      <text name="pindes" originx="140" originy="20" style="Default" rotation="0" justify="lowerright" flipped="False" hidden="False" data="1" />
    </sympin>
    <sympin number="2" originx="200" originy="-100" rotation="180" length="100" width="7.8740157480315" flipped="False">
      <text name="pinname" originx="230" originy="-100" style="Default" rotation="0" justify="left" flipped="False" hidden="False" data="VCC_2" />
      <text name="pindes" originx="140" originy="-80" style="Default" rotation="0" justify="lowerright" flipped="False" hidden="False" data="2" />
    </sympin>
    <sympin number="3" originx="200" originy="-200" rotation="180" length="100" width="7.8740157480315" flipped="False">
      <text name="pinname" originx="230" originy="-200" style="Default" rotation="0" justify="left" flipped="False" hidden="False" data="RXD" />
      <text name="pindes" originx="140" originy="-180" style="Default" rotation="0" justify="lowerright" flipped="False" hidden="False" data="3" />
    </sympin>
    <sympin number="4" originx="200" originy="-300" rotation="180" length="100" width="7.8740157480315" flipped="False">
      <text name="pinname" originx="230" originy="-300" style="Default" rotation="0" justify="left" flipped="False" hidden="False" data="\RE" />
      <text name="pindes" originx="140" originy="-280" style="Default" rotation="0" justify="lowerright" flipped="False" hidden="False" data="4" />
    </sympin>
    <sympin number="5" originx="200" originy="-400" rotation="180" length="100" width="7.8740157480315" flipped="False">
      <text name="pinname" originx="230" originy="-400" style="Default" rotation="0" justify="left" flipped="False" hidden="False" data="DE" />
      <text name="pindes" originx="140" originy="-380" style="Default" rotation="0" justify="lowerright" flipped="False" hidden="False" data="5" />
    </sympin>
    <sympin number="6" originx="200" originy="-500" rotation="180" length="100" width="7.8740157480315" flipped="False">
      <text name="pinname" originx="230" originy="-500" style="Default" rotation="0" justify="left" flipped="False" hidden="False" data="TXD" />
      <text name="pindes" originx="140" originy="-480" style="Default" rotation="0" justify="lowerright" flipped="False" hidden="False" data="6" />
    </sympin>
    <sympin number="7" originx="200" originy="-600" rotation="180" length="100" width="7.8740157480315" flipped="False">
      <text name="pinname" originx="230" originy="-600" style="Default" rotation="0" justify="left" flipped="False" hidden="False" data="VCC" />
      <text name="pindes" originx="140" originy="-580" style="Default" rotation="0" justify="lowerright" flipped="False" hidden="False" data="7" />
    </sympin>
    <sympin number="8" originx="200" originy="-700" rotation="180" length="100" width="7.8740157480315" flipped="False">
      <text name="pinname" originx="230" originy="-700" style="Default" rotation="0" justify="left" flipped="False" hidden="False" data="GND1" />
      <text name="pindes" originx="140" originy="-680" style="Default" rotation="0" justify="lowerright" flipped="False" hidden="False" data="8" />
    </sympin>
    <sympin number="9" originx="1200" originy="-700" rotation="0" length="100" width="7.8740157480315" flipped="False">
      <text name="pinname" originx="1170" originy="-700" style="Default" rotation="0" justify="right" flipped="False" hidden="False" data="GND2_2" />
      <text name="pindes" originx="1260" originy="-680" style="Default" rotation="0" justify="lowerleft" flipped="False" hidden="False" data="9" />
    </sympin>
    <sympin number="10" originx="1200" originy="-600" rotation="0" length="100" width="7.8740157480315" flipped="False">
      <text name="pinname" originx="1170" originy="-600" style="Default" rotation="0" justify="right" flipped="False" hidden="False" data="VISOOUT" />
      <text name="pindes" originx="1260" originy="-580" style="Default" rotation="0" justify="lowerleft" flipped="False" hidden="False" data="10" />
    </sympin>
    <sympin number="11" originx="1200" originy="-500" rotation="0" length="100" width="7.8740157480315" flipped="False">
      <text name="pinname" originx="1170" originy="-500" style="Default" rotation="0" justify="right" flipped="False" hidden="False" data="Y" />
      <text name="pindes" originx="1260" originy="-480" style="Default" rotation="0" justify="lowerleft" flipped="False" hidden="False" data="11" />
    </sympin>
    <sympin number="12" originx="1200" originy="-400" rotation="0" length="100" width="7.8740157480315" flipped="False">
      <text name="pinname" originx="1170" originy="-400" style="Default" rotation="0" justify="right" flipped="False" hidden="False" data="Z" />
      <text name="pindes" originx="1260" originy="-380" style="Default" rotation="0" justify="lowerleft" flipped="False" hidden="False" data="12" />
    </sympin>
    <sympin number="13" originx="1200" originy="-300" rotation="0" length="100" width="7.8740157480315" flipped="False">
      <text name="pinname" originx="1170" originy="-300" style="Default" rotation="0" justify="right" flipped="False" hidden="False" data="B" />
      <text name="pindes" originx="1260" originy="-280" style="Default" rotation="0" justify="lowerleft" flipped="False" hidden="False" data="13" />
    </sympin>
    <sympin number="14" originx="1200" originy="-200" rotation="0" length="100" width="7.8740157480315" flipped="False">
      <text name="pinname" originx="1170" originy="-200" style="Default" rotation="0" justify="right" flipped="False" hidden="False" data="A" />
      <text name="pindes" originx="1260" originy="-180" style="Default" rotation="0" justify="lowerleft" flipped="False" hidden="False" data="14" />
    </sympin>
    <sympin number="15" originx="1200" originy="-100" rotation="0" length="100" width="7.8740157480315" flipped="False">
      <text name="pinname" originx="1170" originy="-100" style="Default" rotation="0" justify="right" flipped="False" hidden="False" data="VISOIN" />
      <text name="pindes" originx="1260" originy="-80" style="Default" rotation="0" justify="lowerleft" flipped="False" hidden="False" data="15" />
    </sympin>
    <sympin number="16" originx="1200" originy="0" rotation="0" length="100" width="7.8740157480315" flipped="False">
      <text name="pinname" originx="1170" originy="0" style="Default" rotation="0" justify="right" flipped="False" hidden="False" data="GND2" />
      <text name="pindes" originx="1260" originy="20" style="Default" rotation="0" justify="lowerleft" flipped="False" hidden="False" data="16" />
    </sympin>
  </symbol>
  <component name="ADM2687EBRIZ" designatorprefix="IC" height="0" footprint="SOIC127P1032X265-16N">
    <comppin designator="1" sympin="1" pinswap="0" gateswap="0" gate="1" group="1" side="" type="Any" name="GND1_2" />
    <comppin designator="2" sympin="2" pinswap="0" gateswap="0" gate="1" group="1" side="" type="Any" name="VCC_2" />
    <comppin designator="3" sympin="3" pinswap="0" gateswap="0" gate="1" group="1" side="" type="Any" name="RXD" />
    <comppin designator="4" sympin="4" pinswap="0" gateswap="0" gate="1" group="1" side="" type="Any" name="|RE" />
    <comppin designator="5" sympin="5" pinswap="0" gateswap="0" gate="1" group="1" side="" type="Any" name="DE" />
    <comppin designator="6" sympin="6" pinswap="0" gateswap="0" gate="1" group="1" side="" type="Any" name="TXD" />
    <comppin designator="7" sympin="7" pinswap="0" gateswap="0" gate="1" group="1" side="" type="Any" name="VCC" />
    <comppin designator="8" sympin="8" pinswap="0" gateswap="0" gate="1" group="1" side="" type="Any" name="GND1" />
    <comppin designator="9" sympin="9" pinswap="0" gateswap="0" gate="1" group="1" side="" type="Any" name="GND2_2" />
    <comppin designator="10" sympin="10" pinswap="0" gateswap="0" gate="1" group="1" side="" type="Any" name="VISOOUT" />
    <comppin designator="11" sympin="11" pinswap="0" gateswap="0" gate="1" group="1" side="" type="Any" name="Y" />
    <comppin designator="12" sympin="12" pinswap="0" gateswap="0" gate="1" group="1" side="" type="Any" name="Z" />
    <comppin designator="13" sympin="13" pinswap="0" gateswap="0" gate="1" group="1" side="" type="Any" name="B" />
    <comppin designator="14" sympin="14" pinswap="0" gateswap="0" gate="1" group="1" side="" type="Any" name="A" />
    <comppin designator="15" sympin="15" pinswap="0" gateswap="0" gate="1" group="1" side="" type="Any" name="VISOIN" />
    <comppin designator="16" sympin="16" pinswap="0" gateswap="0" gate="1" group="1" side="" type="Any" name="GND2" />
    <attached_symbol gate="1" name="ADM2687EBRIZ" />
    <pinmap designator="1" footprintpin="1" />
    <pinmap designator="2" footprintpin="2" />
    <pinmap designator="3" footprintpin="3" />
    <pinmap designator="4" footprintpin="4" />
    <pinmap designator="5" footprintpin="5" />
    <pinmap designator="6" footprintpin="6" />
    <pinmap designator="7" footprintpin="7" />
    <pinmap designator="8" footprintpin="8" />
    <pinmap designator="9" footprintpin="9" />
    <pinmap designator="10" footprintpin="10" />
    <pinmap designator="11" footprintpin="11" />
    <pinmap designator="12" footprintpin="12" />
    <pinmap designator="13" footprintpin="13" />
    <pinmap designator="14" footprintpin="14" />
    <pinmap designator="15" footprintpin="15" />
    <pinmap designator="16" footprintpin="16" />
    <text name="Datasheet" originx="0" originy="0" style="Default" rotation="0" justify="" flipped="False" hidden="True" data="http://componentsearchengine.com/Datasheets/1/ADM2687EBRIZ.pdf" />
    <text name="Description" originx="0" originy="0" style="Default" rotation="0" justify="" flipped="False" hidden="True" data="TRANSCEIVER, ISO, RS485" />
    <text name="Manufacturer_Name" originx="0" originy="0" style="Default" rotation="0" justify="" flipped="False" hidden="True" data="Analog Devices" />
    <text name="Manufacturer_Part_Number" originx="1250" originy="200" style="Default" rotation="0" justify="left" flipped="False" hidden="False" data="ADM2687EBRIZ" />
    <text name="Mouser Part Number" originx="0" originy="0" style="Default" rotation="0" justify="" flipped="False" hidden="True" data="584-ADM2687EBRIZ" />
    <text name="Mouser Price/Stock" originx="0" originy="0" style="Default" rotation="0" justify="" flipped="False" hidden="True" data="https://www.mouser.co.uk/ProductDetail/Analog-Devices/ADM2687EBRIZ?qs=BpaRKvA4VqEpAicXPXf7pw%3D%3D" />
    <text name="Arrow Part Number" originx="0" originy="0" style="Default" rotation="0" justify="" flipped="False" hidden="True" data="ADM2687EBRIZ" />
    <text name="Arrow Price/Stock" originx="0" originy="0" style="Default" rotation="0" justify="" flipped="False" hidden="True" data="https://www.arrow.com/en/products/adm2687ebriz/analog-devices" />
  </component>
</quadcept_library>
